id,latitude,longitude,time,magnitude
0,38.836193,-122.82807,2008-12-10 10:27:50.399999,2.26
1,38.838719,-122.828722,2008-12-14 02:13:55.199999,2.27
2,38.838247,-122.828613,2008-12-16 23:42:43.200001,1.71
3,38.834539,-122.829776,2008-12-19 12:17:16.799999,2.41
4,38.838054,-122.829477,2008-12-31 11:54:14.400004,1.63
5,38.838779,-122.828174,2009-01-01 11:19:40.799996,1.9
6,38.840011,-122.829105,2009-01-07 11:06:43.199999,2.49
7,38.838231,-122.828377,2009-01-20 21:23:02.399995,1.57
8,38.838759,-122.828519,2009-01-21 10:53:45.600002,1.8
9,38.837786,-122.827964,2009-02-02 08:47:02.400003,1.94
10,38.84075,-122.825832,2009-02-12 18:56:09.599999,1.48
11,38.84083,-122.825484,2009-02-12 19:06:14.399998,2.16
12,38.840585,-122.828865,2009-02-18 23:23:59.999998,1.93
13,38.840602,-122.827682,2009-02-22 06:14:24.000001,1.57
14,38.84059,-122.825391,2009-02-22 14:41:16.799997,1.92
15,38.839395,-122.829003,2009-03-04 23:12:28.799995,2.26
16,38.840214,-122.827476,2009-03-06 09:53:16.800001,2.41
17,38.840626,-122.825321,2009-03-10 20:47:02.400003,1.6
18,38.839839,-122.827409,2009-03-17 09:07:12.000000,2.41
19,38.834179,-122.82726,2009-03-18 04:19:12.000004,2.41
20,38.834769,-122.825877,2009-03-18 04:19:12.000004,2.23
21,38.837241,-122.829553,2009-03-19 16:35:02.399999,1.68
22,38.837572,-122.827794,2009-03-25 02:15:21.600004,1.55
23,38.841592,-122.825556,2009-03-30 07:14:52.800002,1.6
24,38.840884,-122.825328,2009-03-31 01:16:19.199996,2.16
25,38.8353,-122.827506,2009-03-31 02:21:07.200000,1.94
26,38.836879,-122.82865,2009-04-02 02:32:38.400002,1.96
27,38.839082,-122.82822,2009-04-12 22:06:14.399998,1.38
28,38.839455,-122.829636,2009-04-17 04:53:45.600002,1.79
29,38.842441,-122.827385,2009-04-17 12:31:40.800000,2.04
30,38.83904,-122.829197,2009-04-29 08:23:59.999998,1.93
31,38.838089,-122.829522,2009-04-29 08:26:52.799996,1.63
32,38.839775,-122.829564,2009-05-13 07:43:40.800004,1.41
33,38.83788,-122.829321,2009-05-13 09:23:02.399995,1.44
34,38.841618,-122.828134,2009-05-16 10:49:26.400000,1.95
35,38.838363,-122.827622,2009-05-17 14:02:23.999997,1.96
36,38.838652,-122.828219,2009-05-26 05:13:55.199999,1.62
37,38.838098,-122.82923,2009-05-28 10:22:04.800003,1.71
38,38.837733,-122.830766,2009-05-30 22:20:38.399998,2.32
39,38.839566,-122.829256,2009-06-07 09:50:24.000003,2.28
40,38.838431,-122.828457,2009-07-05 02:41:16.799997,1.5
41,38.840356,-122.82816,2009-07-08 04:42:14.400000,1.72
42,38.837705,-122.829239,2009-07-13 13:16:19.199996,2.09
43,38.837787,-122.829262,2009-07-20 22:01:55.199995,1.72
44,38.838409,-122.827593,2009-09-02 11:45:35.999999,2.35
45,38.838932,-122.828767,2009-09-04 17:51:21.599995,1.65
46,38.838903,-122.829308,2009-09-15 04:24:57.600001,2.31
47,38.841347,-122.826649,2009-09-21 12:40:19.200004,1.61
48,38.838762,-122.828201,2009-09-30 20:38:23.999999,2.18
49,38.838061,-122.829371,2009-10-01 08:16:47.999998,2.27
50,38.838609,-122.828408,2009-10-01 08:47:02.400003,1.74
51,38.838494,-122.826303,2009-10-07 17:45:35.999999,1.65
52,38.838324,-122.829812,2009-10-13 14:49:55.200001,2.15
53,38.837352,-122.827758,2009-10-13 15:28:48.000002,1.63
54,38.838486,-122.829204,2009-10-18 17:06:43.199999,1.51
55,38.838202,-122.828258,2009-10-22 13:47:59.999996,1.69
56,38.841004,-122.829073,2009-10-22 23:49:55.200001,2.16
57,38.837691,-122.82875,2009-11-01 11:41:16.799997,1.6
58,38.841336,-122.826138,2009-11-03 01:07:40.800002,2.16
59,38.839946,-122.829193,2009-11-03 15:28:48.000002,2.13
60,38.839596,-122.828061,2009-11-07 06:01:26.400004,2.0
61,38.841602,-122.825248,2009-11-07 11:15:21.600004,1.53
62,38.835557,-122.826642,2009-11-08 07:47:59.999996,1.39
63,38.841412,-122.825014,2009-11-08 23:06:43.199999,2.25
64,38.839221,-122.828736,2009-11-09 10:17:45.600000,1.38
65,38.836674,-122.828485,2009-11-09 13:50:52.800004,2.03
66,38.841661,-122.825309,2009-11-21 12:43:12.000002,1.42
67,38.83852,-122.829395,2009-11-22 03:01:26.400004,1.42
68,38.838512,-122.828757,2009-11-23 01:30:43.199997,2.27
69,38.838049,-122.829185,2009-11-23 01:33:35.999995,1.62
70,38.83877,-122.829848,2009-11-26 04:58:04.800005,1.59
71,38.842665,-122.827837,2009-11-27 16:10:33.600000,2.48
72,38.838898,-122.82728,2009-12-02 18:02:52.799998,1.95
73,38.837316,-122.830275,2009-12-06 19:32:09.600001,2.62
74,38.837635,-122.828366,2009-12-13 02:48:28.799997,1.44
75,38.839478,-122.825697,2009-12-14 05:02:23.999997,1.41
76,38.841195,-122.830096,2009-12-15 01:37:55.199997,2.38
77,38.839884,-122.82592,2009-12-17 08:08:09.600003,1.7
78,38.843041,-122.826174,2009-12-19 23:06:43.199999,1.4
79,38.840887,-122.828508,2009-12-20 22:32:09.600001,1.69
80,38.842096,-122.825997,2009-12-21 20:00:57.600003,1.4
81,38.846487,-122.824809,2009-12-22 01:07:40.800002,2.61
82,38.84055,-122.828286,2009-12-24 22:04:48.000004,1.83
83,38.838051,-122.828626,2009-12-26 11:42:43.200001,1.7
84,38.840163,-122.829488,2009-12-26 12:04:19.200002,2.42
85,38.837686,-122.828639,2009-12-26 14:03:50.400001,1.73
86,38.842205,-122.826463,2010-01-01 15:07:12.000000,2.63
87,38.842658,-122.827835,2010-01-01 15:46:04.800001,2.27
88,38.837931,-122.827487,2010-01-04 13:32:09.600001,2.48
89,38.842199,-122.827736,2010-01-06 01:42:14.400000,1.6
90,38.839494,-122.824853,2010-01-08 21:17:16.799999,1.95
91,38.843044,-122.825542,2010-01-09 00:50:24.000003,1.58
92,38.839442,-122.829183,2010-01-10 12:48:57.599999,2.25
93,38.838648,-122.826689,2010-01-10 22:20:38.399998,2.13
94,38.83727,-122.829232,2010-01-11 18:07:12.000000,2.18
95,38.835529,-122.829724,2010-01-11 18:12:57.599997,1.83
96,38.835977,-122.829487,2010-01-11 18:14:24.000001,1.6
97,38.837292,-122.829605,2010-01-11 22:56:38.400000,1.87
98,38.835314,-122.830806,2010-01-12 06:11:31.200003,2.0
99,38.835549,-122.830627,2010-01-12 06:12:57.599997,1.81
100,38.837279,-122.82969,2010-01-16 12:15:50.400005,2.26
101,38.839078,-122.825716,2010-01-16 21:23:02.399995,1.55
102,38.839273,-122.828125,2010-01-17 22:55:11.999996,2.49
103,38.842947,-122.824741,2010-01-18 16:09:07.199996,1.39
104,38.841335,-122.826146,2010-01-19 13:42:14.400000,1.86
105,38.836965,-122.828657,2010-01-21 04:43:40.800004,1.37
106,38.838035,-122.828069,2010-01-23 23:19:40.799996,1.68
107,38.841232,-122.825075,2010-01-24 13:53:45.600002,2.41
108,38.839631,-122.828878,2010-01-24 18:36:00.000002,1.38
109,38.841572,-122.827192,2010-01-28 10:23:31.199997,2.25
110,38.837442,-122.827338,2010-01-29 11:57:07.200002,1.37
111,38.840165,-122.829112,2010-02-02 08:57:07.200002,1.9
112,38.840793,-122.829073,2010-02-04 16:35:02.399999,2.19
113,38.841077,-122.828355,2010-02-09 21:25:55.200003,2.0
114,38.837992,-122.827803,2010-02-14 15:51:50.399997,2.27
115,38.839169,-122.82888,2010-02-24 11:05:16.800005,1.7
116,38.836947,-122.827861,2010-02-25 19:52:19.199998,1.43
117,38.84309,-122.828013,2010-02-28 19:30:43.199997,1.86
118,38.839811,-122.828327,2010-03-02 13:50:52.800004,1.77
119,38.839519,-122.828787,2010-03-02 14:41:16.799997,1.67
120,38.84314,-122.827369,2010-03-05 16:19:12.000004,1.83
121,38.839808,-122.828964,2010-03-13 17:26:52.799996,1.44
122,38.841093,-122.826617,2010-03-14 12:43:12.000002,1.47
123,38.838719,-122.829722,2010-03-15 08:31:11.999998,1.95
124,38.837336,-122.830989,2010-03-19 04:45:07.199998,1.59
125,38.838353,-122.827943,2010-03-23 09:20:09.599997,1.83
126,38.841648,-122.824834,2010-03-29 22:00:28.800001,1.6
127,38.83904,-122.829012,2010-04-13 02:48:28.799997,1.82
128,38.837121,-122.829493,2010-04-15 04:56:38.400000,2.18
129,38.841845,-122.82463,2010-04-18 15:28:48.000002,2.04
130,38.836874,-122.828197,2010-04-24 10:45:07.199998,2.24
131,38.841286,-122.828165,2010-04-29 01:46:33.600002,1.97
132,38.839142,-122.829374,2010-05-01 10:36:28.800003,1.44
133,38.843087,-122.827147,2010-05-03 01:19:12.000004,1.4
134,38.837262,-122.827387,2010-05-03 08:48:28.799997,1.42
135,38.84077,-122.827949,2010-05-04 09:11:31.200003,1.99
136,38.84179,-122.828168,2010-05-04 09:51:50.399997,1.96
137,38.838858,-122.829279,2010-05-04 23:03:50.400001,1.97
138,38.837271,-122.828659,2010-05-05 01:01:55.199995,1.42
139,38.838268,-122.829109,2010-05-11 09:57:36.000003,1.93
140,38.838709,-122.828305,2010-05-20 02:06:43.199999,1.6
141,38.837154,-122.820883,2010-05-23 07:35:02.399999,1.55
142,38.842204,-122.825477,2010-05-23 10:47:59.999996,1.93
143,38.841456,-122.826162,2010-06-02 23:22:33.600004,2.18
144,38.837619,-122.827584,2010-06-04 02:38:23.999999,1.93
145,38.839426,-122.828791,2010-06-05 11:15:21.600004,2.59
146,38.837757,-122.827181,2010-06-12 05:55:40.799998,1.96
147,38.838272,-122.827661,2010-06-14 08:31:11.999998,1.63
148,38.838598,-122.828242,2010-06-26 02:45:35.999999,1.83
149,38.838245,-122.826966,2010-07-07 06:51:50.399997,1.83
150,38.839201,-122.829952,2010-07-15 14:00:57.600003,1.64
151,38.839579,-122.829171,2010-07-19 14:45:35.999999,1.68
152,38.83773,-122.827998,2010-07-21 14:02:23.999997,1.43
153,38.839403,-122.830191,2010-07-21 21:56:09.599999,1.59
154,38.838428,-122.829268,2010-07-26 23:23:59.999998,1.51
155,38.837129,-122.827993,2010-07-29 16:47:59.999996,2.22
156,38.838337,-122.827736,2010-08-01 10:00:28.800001,1.8
157,38.838333,-122.828119,2010-08-01 10:53:45.600002,1.39
158,38.837671,-122.83012,2010-08-13 03:33:07.200004,1.64
159,38.836691,-122.82765,2010-08-22 18:25:55.200003,1.44
160,38.842052,-122.825045,2010-08-25 06:48:57.599999,1.6
161,38.8398,-122.829477,2010-08-26 04:04:48.000004,2.03
162,38.843274,-122.827079,2010-09-09 12:38:52.800000,1.8
163,38.840655,-122.829143,2010-09-12 15:37:26.399996,1.4
164,38.839303,-122.828432,2010-09-22 08:13:55.199999,1.86
165,38.841931,-122.826809,2010-09-22 22:33:35.999995,1.84
166,38.837838,-122.829237,2010-09-24 04:32:09.600001,1.64
167,38.841893,-122.828593,2010-09-24 21:10:04.799999,1.5
168,38.843777,-122.827599,2010-09-26 12:02:52.799998,1.57
169,38.837098,-122.827292,2010-10-01 18:24:28.799999,1.58
170,38.837928,-122.8284,2010-10-09 18:41:45.599998,1.41
171,38.83716,-122.827848,2010-10-14 05:42:43.200001,1.65
172,38.838554,-122.829886,2010-10-26 12:15:50.400005,1.63
173,38.838849,-122.828377,2010-10-27 04:30:43.199997,1.55
174,38.839138,-122.828931,2010-10-29 11:11:02.400001,1.65
175,38.836994,-122.829785,2010-10-31 19:42:14.400000,1.6
176,38.843266,-122.824974,2010-10-31 22:53:45.600002,1.74
177,38.842291,-122.828264,2010-11-03 01:46:33.600002,1.4
178,38.839146,-122.828053,2010-11-03 09:27:21.599998,2.02
179,38.841542,-122.829472,2010-11-04 18:27:21.599998,1.6
180,38.840535,-122.827729,2010-11-06 23:47:02.400003,2.0
181,38.842762,-122.826457,2010-11-06 23:48:28.799997,1.86
182,38.8432,-122.828191,2010-11-08 23:19:40.799996,2.22
183,38.841369,-122.826791,2010-11-16 08:05:16.800005,1.39
184,38.838006,-122.827874,2010-11-17 22:50:52.800004,1.81
185,38.842382,-122.826297,2010-11-20 05:32:38.400002,1.41
186,38.842822,-122.828818,2010-11-20 06:18:43.200003,1.69
187,38.839802,-122.826292,2010-11-20 11:26:52.799996,1.72
188,38.838284,-122.828182,2010-11-20 11:58:33.599996,1.4
189,38.838933,-122.827993,2010-11-20 22:19:12.000004,1.95
190,38.837152,-122.828614,2010-11-24 02:16:47.999998,1.83
191,38.836887,-122.828041,2010-11-25 11:35:31.200001,1.69
192,38.842021,-122.828184,2010-11-26 07:35:02.399999,1.42
193,38.839496,-122.829577,2010-11-26 12:48:57.599999,2.22
194,38.840606,-122.828813,2010-11-26 16:22:04.800003,2.52
195,38.83761,-122.828477,2010-11-26 19:04:48.000004,1.69
196,38.842691,-122.825133,2010-11-26 23:13:55.199999,1.4
197,38.84228,-122.827699,2010-12-01 05:21:07.200000,1.98
198,38.841968,-122.825035,2010-12-03 18:33:07.200004,1.63
199,38.838397,-122.829652,2010-12-08 16:47:59.999996,2.32
200,38.838406,-122.827112,2010-12-10 22:27:50.399999,2.57
201,38.839614,-122.828004,2010-12-10 22:29:16.800003,1.52
202,38.844071,-122.825385,2010-12-16 08:57:07.200002,1.4
203,38.841276,-122.82456,2010-12-17 13:56:38.400000,1.89
204,38.84187,-122.825189,2010-12-18 02:21:07.200000,1.73
205,38.843693,-122.824814,2010-12-20 10:37:55.199997,1.5
206,38.842958,-122.824772,2010-12-20 18:12:57.599997,1.39
207,38.838073,-122.828236,2010-12-25 00:07:12.000000,1.92
208,38.839734,-122.829062,2010-12-30 14:58:33.599996,1.45
209,38.838504,-122.828908,2010-12-30 23:18:14.400002,1.89
210,38.836881,-122.827466,2011-01-07 09:51:50.399997,2.25
211,38.845888,-122.826308,2011-01-09 10:04:48.000004,1.92
212,38.841188,-122.828132,2011-01-13 12:38:52.800000,2.09
213,38.841642,-122.825849,2011-01-19 06:54:43.199995,1.8
214,38.838381,-122.828395,2011-02-02 11:11:02.400001,1.41
215,38.840863,-122.830945,2011-02-02 23:34:04.799997,2.37
216,38.840375,-122.825254,2011-02-03 00:57:36.000003,1.56
217,38.838587,-122.828797,2011-02-03 06:37:26.399996,1.83
218,38.841857,-122.82303,2011-02-03 09:12:57.599997,1.53
219,38.839461,-122.828746,2011-02-05 05:55:40.799998,2.18
220,38.841644,-122.8247,2011-02-06 08:05:16.800005,2.17
221,38.837716,-122.828206,2011-02-07 00:31:40.800000,1.4
222,38.842128,-122.829108,2011-02-07 10:33:35.999995,2.01
223,38.843713,-122.825334,2011-02-07 11:39:50.400003,1.68
224,38.844653,-122.826543,2011-02-09 17:00:57.600003,1.42
225,38.838065,-122.828584,2011-02-12 22:55:11.999996,1.41
226,38.838924,-122.828924,2011-02-13 21:12:57.599997,2.47
227,38.838461,-122.829083,2011-02-13 21:28:48.000002,1.53
228,38.843141,-122.825132,2011-02-15 09:54:43.199995,1.58
229,38.838612,-122.827785,2011-02-16 21:43:12.000002,1.59
230,38.842176,-122.825082,2011-02-17 09:51:50.399997,2.09
231,38.838718,-122.828353,2011-02-19 11:03:50.400001,1.95
232,38.837936,-122.828084,2011-02-22 04:03:21.600000,2.14
233,38.843354,-122.825024,2011-02-23 05:58:33.599996,1.93
234,38.838206,-122.826066,2011-02-23 22:10:33.600000,1.38
235,38.836619,-122.828182,2011-02-24 23:29:45.600004,1.77
236,38.842418,-122.829487,2011-02-25 01:09:07.199996,1.4
237,38.841789,-122.827172,2011-03-01 18:05:45.599996,1.6
238,38.838097,-122.829346,2011-03-02 16:43:40.800004,1.68
239,38.838825,-122.828833,2011-03-04 02:41:16.799997,1.58
240,38.842926,-122.827309,2011-03-05 00:57:36.000003,1.61
241,38.843139,-122.827902,2011-03-08 03:23:02.399995,1.39
242,38.838516,-122.828734,2011-03-08 10:17:45.600000,1.39
243,38.843974,-122.825845,2011-03-10 03:41:45.599998,1.39
244,38.838773,-122.828397,2011-03-10 11:34:04.799997,1.39
245,38.836358,-122.828523,2011-03-11 12:07:12.000000,1.37
246,38.839031,-122.825822,2011-03-12 04:26:24.000005,1.56
247,38.836647,-122.828022,2011-03-13 18:04:19.200002,1.4
248,38.842821,-122.823326,2011-03-14 05:34:04.799997,1.42
249,38.843007,-122.827907,2011-03-14 23:12:28.799995,1.41
250,38.838731,-122.825271,2011-03-15 06:17:16.799999,2.74
251,38.839448,-122.826572,2011-03-15 07:06:14.399998,1.83
252,38.83961,-122.826848,2011-03-15 07:13:26.399998,2.13
253,38.838805,-122.829462,2011-03-17 08:34:04.799997,1.75
254,38.837115,-122.827388,2011-03-19 14:55:40.799998,1.4
255,38.838538,-122.82768,2011-03-19 16:53:45.600002,1.57
256,38.838202,-122.827737,2011-03-23 11:48:28.799997,1.37
257,38.842131,-122.827812,2011-03-28 04:26:24.000005,1.77
258,38.842923,-122.825316,2011-03-28 11:09:35.999997,1.71
259,38.842897,-122.824517,2011-03-28 11:41:16.799997,1.38
260,38.837405,-122.827973,2011-03-29 19:27:50.399999,1.4
261,38.838983,-122.827761,2011-03-30 16:35:02.399999,2.52
262,38.844165,-122.825504,2011-03-31 09:30:14.399996,1.77
263,38.841796,-122.828553,2011-04-03 20:44:09.599995,1.37
264,38.84149,-122.829691,2011-04-07 05:08:09.600003,2.26
265,38.840955,-122.825231,2011-04-08 05:19:40.799996,1.71
266,38.842492,-122.827458,2011-04-11 05:19:40.799996,2.0
267,38.843034,-122.824551,2011-04-12 05:38:23.999999,1.4
268,38.839593,-122.82917,2011-04-15 22:23:31.199997,1.55
269,38.837723,-122.828619,2011-04-18 10:09:07.199996,2.67
270,38.836573,-122.83097,2011-04-18 10:20:38.399998,1.46
271,38.839289,-122.829165,2011-04-18 11:25:26.400002,1.49
272,38.844233,-122.825395,2011-04-19 02:21:07.200000,1.83
273,38.841361,-122.825214,2011-04-20 00:08:38.400005,2.29
274,38.841936,-122.824892,2011-04-20 00:08:38.400005,2.0
275,38.842895,-122.824861,2011-04-20 10:09:07.199996,1.57
276,38.845318,-122.824357,2011-04-21 03:44:38.399996,1.65
277,38.843903,-122.824516,2011-04-27 10:40:47.999996,1.39
278,38.843252,-122.827205,2011-05-01 22:37:55.199997,1.57
279,38.843332,-122.82934,2011-05-02 08:36:57.600005,1.92
280,38.843464,-122.828934,2011-05-02 08:41:16.799997,1.55
281,38.843408,-122.827849,2011-05-04 23:54:14.400004,1.41
282,38.843516,-122.828193,2011-05-04 23:55:40.799998,1.39
283,38.843441,-122.828421,2011-05-05 00:40:19.200004,1.51
284,38.84337,-122.828113,2011-05-05 00:41:45.599998,1.7
285,38.843136,-122.828407,2011-05-05 01:07:40.800002,1.57
286,38.840388,-122.828572,2011-05-05 02:15:21.600004,1.39
287,38.838804,-122.829817,2011-05-05 11:22:33.600004,1.49
288,38.837456,-122.827518,2011-05-06 23:03:50.400001,1.87
289,38.837833,-122.827877,2011-05-07 05:16:47.999998,1.48
290,38.842779,-122.826919,2011-05-10 10:10:33.600000,1.48
291,38.837341,-122.827957,2011-05-13 14:15:21.600004,1.61
292,38.843622,-122.825993,2011-05-14 13:37:55.199997,1.57
293,38.839785,-122.825885,2011-05-15 03:24:28.799999,1.84
294,38.844563,-122.825674,2011-05-17 17:47:02.400003,1.58
295,38.838583,-122.828137,2011-05-18 06:15:50.400005,1.45
296,38.841625,-122.825145,2011-05-18 09:04:19.200002,1.89
297,38.841783,-122.824937,2011-05-18 09:04:19.200002,1.56
298,38.841584,-122.825189,2011-05-18 09:05:45.599996,1.76
299,38.843075,-122.827093,2011-05-18 23:51:21.599995,1.4
300,38.841872,-122.825088,2011-05-19 21:31:40.800000,1.99
301,38.843703,-122.825801,2011-05-21 00:25:55.200003,1.83
302,38.840665,-122.82886,2011-05-22 06:01:26.400004,1.92
303,38.840102,-122.828508,2011-05-22 06:02:52.799998,1.66
304,38.836356,-122.827203,2011-05-22 14:42:43.200001,1.58
305,38.841724,-122.827694,2011-05-30 20:55:40.799998,1.37
306,38.838982,-122.829022,2011-05-31 01:20:38.399998,2.02
307,38.844773,-122.825212,2011-06-02 06:48:57.599999,1.55
308,38.843332,-122.825969,2011-06-02 08:22:33.600004,1.5
309,38.838407,-122.827702,2011-06-03 22:59:31.199999,1.83
310,38.837438,-122.829498,2011-06-04 11:57:07.200002,2.28
311,38.838304,-122.829332,2011-06-04 14:02:23.999997,1.37
312,38.842106,-122.823205,2011-06-04 17:31:11.999998,1.4
313,38.837107,-122.830369,2011-06-04 19:29:16.800003,1.41
314,38.840655,-122.826621,2011-06-07 21:08:38.400005,1.77
315,38.839481,-122.829338,2011-06-10 05:05:16.800005,1.94
316,38.84415,-122.82701,2011-06-10 22:43:40.800004,2.27
317,38.837421,-122.831329,2011-06-12 15:12:57.599997,1.58
318,38.83895,-122.827892,2011-06-13 10:26:24.000005,1.76
319,38.841145,-122.826834,2011-06-13 10:39:21.600002,1.6
320,38.84372,-122.82587,2011-06-13 17:16:47.999998,1.77
321,38.839636,-122.828712,2011-06-15 04:37:55.199997,1.44
322,38.838529,-122.829177,2011-06-15 08:18:14.400002,1.38
323,38.841702,-122.82496,2011-06-19 18:00:00.000000,2.25
324,38.838951,-122.829083,2011-06-23 21:41:45.599998,3.16
325,38.838451,-122.829536,2011-06-23 21:43:12.000002,1.47
326,38.840765,-122.827755,2011-06-23 21:44:38.399996,1.76
327,38.845563,-122.824437,2011-07-04 11:39:50.400003,1.38
328,38.846917,-122.825158,2011-07-17 19:29:16.800003,1.41
329,38.847221,-122.825451,2011-07-17 19:30:43.199997,1.6
330,38.83799,-122.827685,2011-07-24 01:55:11.999996,1.38
331,38.838829,-122.830041,2011-08-13 06:38:52.800000,1.95
332,38.838524,-122.829033,2011-08-13 06:40:19.200004,1.68
333,38.841599,-122.827152,2011-08-13 23:03:50.400001,1.4
334,38.84292,-122.826791,2011-08-17 09:25:55.200003,1.43
335,38.838888,-122.82769,2011-08-17 23:36:57.600005,1.62
336,38.84267,-122.827588,2011-08-24 07:43:40.800004,1.39
337,38.842825,-122.826657,2011-08-26 15:02:52.799998,1.62
338,38.839793,-122.82884,2011-08-31 18:36:00.000002,1.94
339,38.842508,-122.827305,2011-09-01 05:45:35.999999,2.16
340,38.8363,-122.826915,2011-09-01 06:17:16.799999,1.61
341,38.844168,-122.824991,2011-09-01 13:00:28.800001,1.62
342,38.84452,-122.823864,2011-09-01 13:01:55.199995,1.56
343,38.839398,-122.82926,2011-09-02 16:06:14.399998,1.49
344,38.837855,-122.828699,2011-09-04 12:00:00.000000,1.39
345,38.846251,-122.824536,2011-09-05 20:42:43.200001,1.64
346,38.845769,-122.82402,2011-09-09 09:31:40.800000,1.46
347,38.848325,-122.82414,2011-09-12 01:37:55.199997,1.37
348,38.838806,-122.828519,2011-09-14 19:37:55.199997,1.77
349,38.83855,-122.829856,2011-09-16 17:15:21.600004,1.52
350,38.837792,-122.825601,2011-09-22 17:34:04.799997,1.75
351,38.839712,-122.828875,2011-09-24 16:13:26.399998,1.5
352,38.837889,-122.828947,2011-09-26 04:23:31.199997,2.29
353,38.844296,-122.823654,2011-09-27 11:42:43.200001,1.83
354,38.845587,-122.824585,2011-10-05 06:47:31.200005,2.09
355,38.83969,-122.827942,2011-10-07 05:52:48.000000,1.5
356,38.839574,-122.830113,2011-10-07 13:32:09.600001,2.01
357,38.846305,-122.823952,2011-10-08 20:02:23.999997,1.44
358,38.835742,-122.827564,2011-10-10 02:28:19.200000,1.72
359,38.839014,-122.829906,2011-10-11 13:13:26.399998,1.39
360,38.839229,-122.829812,2011-10-11 19:19:12.000004,2.14
361,38.839079,-122.828269,2011-10-12 02:49:55.200001,1.57
362,38.836981,-122.827938,2011-10-12 13:04:48.000004,1.77
363,38.835632,-122.828912,2011-10-14 02:15:21.600004,1.58
364,38.842253,-122.827804,2011-10-15 03:30:14.399996,1.5
365,38.83803,-122.826011,2011-10-17 15:59:02.399997,1.5
366,38.838327,-122.828304,2011-10-17 18:38:52.800000,1.38
367,38.84555,-122.824942,2011-10-19 09:28:48.000002,1.94
368,38.837425,-122.827758,2011-10-21 04:36:28.800003,1.5
369,38.842727,-122.827148,2011-10-21 09:24:28.799999,1.54
370,38.841782,-122.825163,2011-10-27 02:23:59.999998,1.54
371,38.8397,-122.828833,2011-10-31 21:23:02.399995,1.37
372,38.84151,-122.828707,2011-11-02 13:46:33.600002,1.42
373,38.838623,-122.829478,2011-11-02 17:22:33.600004,1.69
374,38.846475,-122.824683,2011-11-02 19:23:31.199997,1.84
375,38.843928,-122.82781,2011-11-04 05:11:02.400001,1.41
376,38.83981,-122.827758,2011-11-04 16:36:28.800003,1.37
377,38.836063,-122.828662,2011-11-05 08:29:45.600004,1.83
378,38.839313,-122.829429,2011-11-05 16:47:59.999996,2.14
379,38.843603,-122.827528,2011-11-06 11:05:16.800005,1.38
380,38.846001,-122.824115,2011-11-08 06:05:45.599996,1.44
381,38.839685,-122.829346,2011-11-09 14:41:16.799997,1.39
382,38.838111,-122.827565,2011-11-11 14:34:04.799997,1.81
383,38.837506,-122.827453,2011-11-11 15:54:43.199995,1.81
384,38.840459,-122.830582,2011-11-12 00:27:21.599998,1.48
385,38.838817,-122.828188,2011-11-12 01:22:04.800003,2.01
386,38.843653,-122.827589,2011-11-12 13:12:00.000004,1.41
387,38.838838,-122.828268,2011-11-13 01:26:24.000005,1.67
388,38.839236,-122.825983,2011-11-14 15:01:26.400004,1.54
389,38.843046,-122.828183,2011-11-15 13:50:52.800004,1.99
390,38.848951,-122.825146,2011-11-16 23:11:02.400001,1.85
391,38.842018,-122.827717,2011-11-19 06:38:52.800000,2.29
392,38.836292,-122.827374,2011-11-19 09:33:07.200004,1.97
393,38.839748,-122.829068,2011-11-19 21:46:04.800001,1.5
394,38.837372,-122.826217,2011-11-19 22:01:55.199995,1.62
395,38.843099,-122.829858,2011-11-20 12:02:52.799998,1.69
396,38.83985,-122.83008,2011-11-20 15:34:33.599998,1.37
397,38.836802,-122.826102,2011-11-24 15:08:38.400005,2.08
398,38.840158,-122.829739,2011-11-25 01:20:38.399998,1.61
399,38.840787,-122.829729,2011-11-25 01:24:57.600001,1.64
400,38.838965,-122.829737,2011-11-25 01:26:24.000005,1.69
401,38.842583,-122.824761,2011-11-25 19:30:43.199997,1.85
402,38.841943,-122.82853,2011-11-27 08:55:40.799998,1.47
403,38.842661,-122.827283,2011-11-27 20:15:21.600004,1.45
404,38.841356,-122.825631,2011-11-28 10:09:07.199996,1.84
405,38.839364,-122.826786,2011-11-29 01:14:52.800002,2.26
406,38.842343,-122.827889,2011-11-29 17:31:11.999998,1.41
407,38.844387,-122.827192,2011-11-30 08:21:07.200000,2.04
408,38.844888,-122.824786,2011-12-01 05:51:21.599995,1.57
409,38.845907,-122.825667,2011-12-03 10:59:31.199999,1.66
410,38.8441,-122.827986,2011-12-04 08:57:07.200002,2.0
411,38.84347,-122.827249,2011-12-04 10:49:26.400000,1.4
412,38.842609,-122.823271,2011-12-05 04:39:21.600002,1.99
413,38.847155,-122.824595,2011-12-05 12:40:19.200004,1.79
414,38.841879,-122.828749,2011-12-06 01:23:31.199997,2.08
415,38.843517,-122.828053,2011-12-06 01:32:09.600001,1.66
416,38.841403,-122.825866,2011-12-06 14:21:07.200000,1.49
417,38.841259,-122.830787,2011-12-06 18:43:12.000002,1.85
418,38.84256,-122.831712,2011-12-06 18:56:09.599999,2.25
419,38.838678,-122.829387,2011-12-06 21:28:48.000002,1.88
420,38.839063,-122.828029,2011-12-07 16:29:16.800003,2.12
421,38.846199,-122.824192,2011-12-09 05:31:11.999998,1.42
422,38.845287,-122.825442,2011-12-10 03:53:16.800001,1.42
423,38.838775,-122.827634,2011-12-10 17:52:48.000000,1.81
424,38.839503,-122.825842,2011-12-10 19:03:21.600000,2.37
425,38.839523,-122.82631,2011-12-10 19:03:21.600000,1.6
426,38.840869,-122.82559,2011-12-10 19:10:33.600000,1.66
427,38.844608,-122.824238,2011-12-11 10:30:43.199997,1.58
428,38.83998,-122.828298,2011-12-12 09:59:02.399997,1.55
429,38.842076,-122.828639,2011-12-12 18:05:45.599996,1.39
430,38.838295,-122.8291,2011-12-13 17:02:23.999997,1.87
431,38.836579,-122.829257,2011-12-15 22:07:40.800002,1.42
432,38.835441,-122.827678,2011-12-17 22:43:40.800004,1.43
433,38.836675,-122.827817,2011-12-17 23:03:50.400001,1.92
434,38.840507,-122.825112,2011-12-18 06:34:33.599998,1.92
435,38.844164,-122.825236,2011-12-19 03:33:07.200004,1.57
436,38.843631,-122.825268,2011-12-19 14:52:48.000000,1.73
437,38.845566,-122.825088,2011-12-20 07:09:07.199996,1.57
438,38.83997,-122.828396,2011-12-20 19:16:19.199996,1.49
439,38.839509,-122.829739,2011-12-22 04:07:40.800002,1.39
440,38.841618,-122.829974,2011-12-22 04:10:33.600000,1.63
441,38.843121,-122.827111,2011-12-22 14:16:47.999998,1.69
442,38.833876,-122.827344,2011-12-22 20:41:16.799997,1.49
443,38.837256,-122.82571,2011-12-22 21:50:24.000003,2.03
444,38.843484,-122.827862,2011-12-23 16:07:40.800002,2.75
445,38.842674,-122.828823,2011-12-23 16:17:45.600000,1.4
446,38.838714,-122.828814,2011-12-24 12:37:26.399996,1.44
447,38.839996,-122.828963,2011-12-25 08:54:14.400004,1.42
448,38.838686,-122.829495,2011-12-27 13:17:45.600000,1.59
449,38.844981,-122.824629,2011-12-27 14:05:16.800005,2.0
450,38.846551,-122.822989,2011-12-29 18:24:28.799999,1.62
451,38.839887,-122.825702,2011-12-29 20:58:33.599996,2.19
452,38.836917,-122.827341,2011-12-30 01:22:04.800003,2.44
453,38.844718,-122.830989,2011-12-31 05:05:16.800005,1.62
454,38.842197,-122.828289,2011-12-31 22:23:31.199997,2.13
455,38.838233,-122.82996,2012-01-01 01:22:04.800003,2.05
456,38.84185,-122.828506,2012-01-02 14:22:33.600004,1.63
457,38.836156,-122.827758,2012-01-06 23:41:16.799997,2.06
458,38.839843,-122.829453,2012-01-07 14:22:33.600004,1.9
459,38.83926,-122.829408,2012-01-07 14:47:02.400003,1.37
460,38.842507,-122.827471,2012-01-08 07:32:09.600001,1.41
461,38.83843,-122.825657,2012-01-08 11:36:57.600005,2.13
462,38.839052,-122.827097,2012-01-08 18:44:38.399996,1.77
463,38.84308,-122.828729,2012-01-10 02:11:02.400001,1.64
464,38.841274,-122.825269,2012-01-12 18:10:04.799999,1.76
465,38.844482,-122.825946,2012-01-13 21:36:00.000002,1.41
466,38.843114,-122.827281,2012-01-15 00:57:36.000003,1.85
467,38.843501,-122.827286,2012-01-16 12:02:52.799998,1.39
468,38.8442,-122.82504,2012-01-17 05:15:21.600004,1.38
469,38.840431,-122.82894,2012-01-18 06:36:00.000002,1.37
470,38.839909,-122.826777,2012-01-19 03:01:26.400004,1.42
471,38.837703,-122.83135,2012-01-20 16:30:43.199997,1.97
472,38.843065,-122.82489,2012-01-21 23:57:07.200002,1.56
473,38.839238,-122.829324,2012-01-22 20:00:57.600003,2.27
474,38.843125,-122.825847,2012-01-28 00:27:21.599998,1.7
475,38.837999,-122.829198,2012-02-01 00:56:09.599999,1.55
476,38.838584,-122.827333,2012-02-01 07:14:52.800002,2.21
477,38.838905,-122.827229,2012-02-01 07:33:35.999995,1.37
478,38.840217,-122.825319,2012-02-03 08:18:14.400002,1.62
479,38.837901,-122.82945,2012-02-04 02:06:43.199999,1.58
480,38.838189,-122.827483,2012-02-04 07:42:14.400000,1.39
481,38.837905,-122.82774,2012-02-05 05:58:33.599996,1.77
482,38.840384,-122.829506,2012-02-06 04:07:40.800002,1.52
483,38.841267,-122.828626,2012-02-08 18:10:04.799999,1.58
484,38.843156,-122.828142,2012-02-09 04:35:02.399999,1.7
485,38.843743,-122.828092,2012-02-09 04:42:14.400000,2.06
486,38.843653,-122.827862,2012-02-09 04:43:40.800004,2.01
487,38.843025,-122.828105,2012-02-09 04:49:26.400000,1.69
488,38.8457,-122.825761,2012-02-09 05:02:23.999997,1.4
489,38.846052,-122.825318,2012-02-11 02:02:23.999997,1.41
490,38.846105,-122.825904,2012-02-11 02:03:50.400001,2.17
491,38.838922,-122.827417,2012-02-11 02:39:50.400003,1.41
492,38.837547,-122.828665,2012-02-13 14:03:50.400001,1.37
493,38.842006,-122.824427,2012-02-15 22:59:31.199999,1.8
494,38.841987,-122.823923,2012-02-15 23:09:35.999997,1.41
495,38.838619,-122.826706,2012-02-18 05:16:47.999998,1.6
496,38.840354,-122.829675,2012-02-21 21:36:00.000002,2.08
497,38.838278,-122.8299,2012-02-23 01:16:19.199996,1.82
498,38.837509,-122.831096,2012-02-23 04:26:24.000005,1.62
499,38.839107,-122.830733,2012-02-23 04:27:50.399999,1.57
500,38.839203,-122.827657,2012-02-23 19:58:04.800005,1.56
501,38.836137,-122.829179,2012-02-24 00:25:55.200003,1.49
502,38.836374,-122.829765,2012-02-24 00:27:21.599998,1.83
503,38.839676,-122.829981,2012-02-24 09:18:43.200003,1.48
504,38.844424,-122.82581,2012-02-25 19:50:52.800004,2.09
505,38.841416,-122.829673,2012-02-26 01:06:14.399998,1.38
506,38.834454,-122.825587,2012-02-26 09:02:52.799998,1.89
507,38.83824,-122.829774,2012-02-28 00:04:19.200002,1.93
508,38.83847,-122.82896,2012-03-01 11:49:55.200001,1.38
509,38.84336,-122.828514,2012-03-02 08:57:07.200002,1.95
510,38.84041,-122.828762,2012-03-03 15:44:38.399996,2.25
511,38.846988,-122.824729,2012-03-03 20:15:21.600004,1.42
512,38.83977,-122.828844,2012-03-05 07:26:24.000005,1.57
513,38.840638,-122.827921,2012-03-06 15:30:14.399996,2.04
514,38.837979,-122.827382,2012-03-08 02:42:43.200001,1.58
515,38.838482,-122.827926,2012-03-08 02:44:09.599995,1.57
516,38.836831,-122.827939,2012-03-08 12:51:50.399997,1.46
517,38.843391,-122.822467,2012-03-08 21:25:55.200003,1.48
518,38.84348,-122.827044,2012-03-09 19:09:07.199996,1.4
519,38.83774,-122.825803,2012-03-10 02:55:40.799998,1.95
520,38.837336,-122.826181,2012-03-10 02:57:07.200002,1.49
521,38.842948,-122.824663,2012-03-10 09:07:12.000000,1.69
522,38.837195,-122.825587,2012-03-12 09:46:04.800001,2.24
523,38.839872,-122.829727,2012-03-12 18:37:26.399996,1.91
524,38.839555,-122.829595,2012-03-12 18:38:52.800000,2.47
525,38.843916,-122.827268,2012-03-13 05:12:28.799995,1.65
526,38.843568,-122.828596,2012-03-13 05:21:07.200000,2.46
527,38.844478,-122.826456,2012-03-13 09:04:19.200002,1.55
528,38.843261,-122.828179,2012-03-13 10:45:07.199998,1.63
529,38.837933,-122.827229,2012-03-14 06:02:52.799998,1.48
530,38.837563,-122.82892,2012-03-14 15:21:36.000001,1.45
531,38.839038,-122.828498,2012-03-15 12:37:26.399996,1.37
532,38.838927,-122.829197,2012-03-15 15:57:36.000003,1.73
533,38.846311,-122.825046,2012-03-15 16:03:21.600000,2.23
534,38.840285,-122.829398,2012-03-16 18:37:26.399996,1.62
535,38.837886,-122.828797,2012-03-17 08:55:40.799998,1.94
536,38.843799,-122.825686,2012-03-21 17:22:33.600004,1.4
537,38.843496,-122.827123,2012-03-22 06:31:40.800000,1.43
538,38.846956,-122.824133,2012-03-22 17:54:14.400004,1.83
539,38.838626,-122.828743,2012-03-24 00:46:04.800001,2.02
540,38.84377,-122.826128,2012-03-24 12:41:45.599998,1.6
541,38.838178,-122.828022,2012-03-25 07:14:52.800002,1.69
542,38.841481,-122.825428,2012-03-27 00:31:40.800000,2.25
543,38.841141,-122.824843,2012-03-27 00:36:00.000002,1.58
544,38.837805,-122.829413,2012-03-27 20:02:23.999997,2.19
545,38.837726,-122.829274,2012-03-27 20:02:23.999997,2.14
546,38.836198,-122.828528,2012-03-27 23:28:19.200000,1.43
547,38.839268,-122.826153,2012-03-28 07:32:09.600001,1.6
548,38.839026,-122.829019,2012-03-29 02:51:21.599995,1.71
549,38.837646,-122.820769,2012-03-30 14:35:31.200001,1.45
550,38.840624,-122.829709,2012-03-31 09:48:57.599999,1.38
551,38.844,-122.826256,2012-03-31 17:19:40.799996,1.7
552,38.839274,-122.827448,2012-04-01 07:50:52.800004,1.37
553,38.84294,-122.829268,2012-04-01 14:19:40.799996,1.6
554,38.839067,-122.829625,2012-04-01 23:32:38.400002,1.77
555,38.836915,-122.826705,2012-04-04 01:01:55.199995,1.75
556,38.835049,-122.827585,2012-04-04 01:03:21.600000,2.06
557,38.840788,-122.82951,2012-04-06 10:14:52.800002,2.12
558,38.840835,-122.829249,2012-04-06 10:14:52.800002,1.84
559,38.838051,-122.827835,2012-04-06 19:01:55.199995,1.39
560,38.837136,-122.825809,2012-04-08 15:07:12.000000,1.86
561,38.845039,-122.824591,2012-04-10 16:52:19.199998,2.03
562,38.842984,-122.828014,2012-04-11 11:54:14.400004,1.5
563,38.842683,-122.828295,2012-04-11 12:10:04.799999,2.23
564,38.843087,-122.827361,2012-04-11 12:12:57.599997,1.94
565,38.846581,-122.822847,2012-04-11 14:42:43.200001,1.57
566,38.836227,-122.82851,2012-04-11 18:57:36.000003,1.37
567,38.838646,-122.82905,2012-04-13 01:55:11.999996,1.87
568,38.841501,-122.824954,2012-04-14 01:47:59.999996,1.73
569,38.844621,-122.825927,2012-04-14 06:11:31.200003,1.71
570,38.845033,-122.825657,2012-04-14 16:59:31.199999,1.96
571,38.845778,-122.825765,2012-04-14 17:00:57.600003,2.01
572,38.846974,-122.82521,2012-04-14 17:00:57.600003,1.42
573,38.845289,-122.825873,2012-04-14 17:31:11.999998,2.13
574,38.841876,-122.829566,2012-04-16 03:59:02.399997,1.38
575,38.839619,-122.826412,2012-04-16 18:27:21.599998,2.24
576,38.840316,-122.829532,2012-04-18 12:41:45.599998,1.39
577,38.837487,-122.830204,2012-04-19 06:54:43.199995,1.59
578,38.841031,-122.828298,2012-04-20 05:48:28.799997,2.03
579,38.837423,-122.831616,2012-04-22 02:21:07.200000,1.69
580,38.842086,-122.832891,2012-04-25 08:31:11.999998,1.5
581,38.83814,-122.827452,2012-04-27 07:37:55.199997,1.39
582,38.839345,-122.829487,2012-04-28 08:44:09.599995,1.77
583,38.838531,-122.829127,2012-04-28 08:45:35.999999,2.85
584,38.838148,-122.831242,2012-04-28 10:13:26.399998,1.66
585,38.84222,-122.827608,2012-04-28 11:19:40.799996,1.38
586,38.843447,-122.826414,2012-04-28 14:39:50.400003,1.38
587,38.84607,-122.82259,2012-04-30 09:17:16.799999,1.92
588,38.839834,-122.828502,2012-05-02 16:17:45.600000,1.38
589,38.838885,-122.825372,2012-05-08 02:23:59.999998,2.37
590,38.839009,-122.825223,2012-05-08 03:24:28.799999,2.09
591,38.841229,-122.830095,2012-05-16 20:42:43.200001,1.97
592,38.839544,-122.828325,2012-05-17 21:36:00.000002,1.4
593,38.839079,-122.827985,2012-05-28 09:44:38.399996,1.69
594,38.845563,-122.823059,2012-05-29 06:21:36.000001,1.53
595,38.839273,-122.830046,2012-05-30 15:04:19.200002,1.55
596,38.839061,-122.830018,2012-05-30 15:04:19.200002,1.43
597,38.841791,-122.827234,2012-06-02 21:31:40.800000,2.02
598,38.842836,-122.824839,2012-06-04 01:06:14.399998,1.38
599,38.838519,-122.825666,2012-06-05 11:21:07.200000,1.63
600,38.84381,-122.828183,2012-06-11 14:31:11.999998,2.0
601,38.839733,-122.829236,2012-06-12 17:49:55.200001,1.58
602,38.8403,-122.828273,2012-06-14 15:27:21.599998,2.13
603,38.839037,-122.829319,2012-06-19 12:51:50.399997,2.14
604,38.839448,-122.827592,2012-06-28 12:14:24.000001,1.4
605,38.838408,-122.828445,2012-06-30 00:12:57.599997,1.66
606,38.839207,-122.829399,2012-06-30 19:53:45.600002,1.57
607,38.840175,-122.829167,2012-07-02 17:06:43.199999,1.98
608,38.839072,-122.828337,2012-07-04 01:03:21.600000,1.69
609,38.840495,-122.829946,2012-07-09 15:04:19.200002,2.37
610,38.838779,-122.82726,2012-07-14 06:04:19.200002,1.96
611,38.837731,-122.82739,2012-07-16 15:46:04.800001,1.93
612,38.83679,-122.826895,2012-07-20 13:20:38.399998,1.39
613,38.842335,-122.827007,2012-07-22 20:32:38.400002,2.39
614,38.841425,-122.827302,2012-07-22 20:36:57.600005,1.67
615,38.841459,-122.829539,2012-07-23 07:42:14.400000,1.69
616,38.838272,-122.828369,2012-07-25 16:47:59.999996,1.53
617,38.841126,-122.829687,2012-07-26 08:21:07.200000,1.39
618,38.848877,-122.823756,2012-07-27 13:36:28.800003,1.41
619,38.839363,-122.828289,2012-07-29 09:34:33.599998,1.38
620,38.83902,-122.829331,2012-07-30 22:13:26.399998,1.58
621,38.839954,-122.828119,2012-07-31 02:09:35.999997,1.83
622,38.838108,-122.828038,2012-07-31 21:59:02.399997,1.59
623,38.83919,-122.829686,2012-08-02 12:51:50.399997,1.62
624,38.83909,-122.829133,2012-08-03 04:06:14.399998,2.17
625,38.838579,-122.829977,2012-08-03 04:16:19.199996,1.69
626,38.838558,-122.830346,2012-08-03 08:36:57.600005,2.14
627,38.844935,-122.8247,2012-08-03 18:37:26.399996,1.74
628,38.845104,-122.825435,2012-08-03 18:38:52.800000,2.53
629,38.845853,-122.823402,2012-08-06 04:37:55.199997,1.53
630,38.84076,-122.829727,2012-08-09 05:05:16.800005,1.41
631,38.839509,-122.827772,2012-08-10 12:31:40.800000,2.04
632,38.842009,-122.826572,2012-08-14 02:48:28.799997,1.39
633,38.838854,-122.828031,2012-08-14 10:46:33.600002,1.37
634,38.837059,-122.827897,2012-08-21 15:08:38.400005,1.37
635,38.84282,-122.828488,2012-08-22 01:26:24.000005,1.69
636,38.840235,-122.829277,2012-08-25 08:16:47.999998,2.24
637,38.837639,-122.828275,2012-08-28 17:08:09.600003,1.6
638,38.837624,-122.825839,2012-08-30 23:00:57.600003,2.73
639,38.83873,-122.827538,2012-09-01 16:40:47.999996,1.62
640,38.84214,-122.826888,2012-09-05 01:50:52.800004,1.46
641,38.844551,-122.824716,2012-09-06 21:10:04.799999,1.4
642,38.83863,-122.828433,2012-09-07 04:07:40.800002,1.44
643,38.839535,-122.829231,2012-09-07 23:08:09.600003,2.17
644,38.839625,-122.829811,2012-09-13 19:10:33.600000,1.42
645,38.840181,-122.828127,2012-09-15 11:42:43.200001,1.38
646,38.838595,-122.827605,2012-09-19 17:36:57.600005,1.6
647,38.837065,-122.827806,2012-09-19 18:59:02.399997,1.77
648,38.83692,-122.828056,2012-09-19 19:00:28.800001,1.58
649,38.841903,-122.82997,2012-09-26 06:12:57.599997,2.0
650,38.842831,-122.828687,2012-09-26 06:31:40.800000,1.4
651,38.839388,-122.82733,2012-09-26 15:20:09.599997,1.67
652,38.83981,-122.825733,2012-10-01 12:00:00.000000,1.62
653,38.842991,-122.827082,2012-10-02 16:24:57.600001,1.41
654,38.842105,-122.829216,2012-10-08 16:06:14.399998,1.4
655,38.83954,-122.828316,2012-10-09 03:04:19.200002,1.95
656,38.842479,-122.826266,2012-10-11 19:30:43.199997,1.44
657,38.836834,-122.828345,2012-10-12 05:13:55.199999,1.49
658,38.840936,-122.828848,2012-10-17 13:43:40.800004,1.4
659,38.83843,-122.829526,2012-10-18 12:36:00.000002,1.57
660,38.839068,-122.828252,2012-10-20 11:34:04.799997,2.31
661,38.838489,-122.828503,2012-10-20 20:12:28.799995,1.7
662,38.841258,-122.829686,2012-10-23 02:39:50.400003,1.84
663,38.839292,-122.8298,2012-10-24 21:27:21.599998,1.92
664,38.843118,-122.827629,2012-10-26 00:31:40.800000,1.5
665,38.837887,-122.829003,2012-10-27 07:42:14.400000,1.82
666,38.838473,-122.830137,2012-10-27 14:05:16.800005,1.42
667,38.840733,-122.829039,2012-10-27 20:58:33.599996,1.9
668,38.845605,-122.823288,2012-10-29 07:16:19.199996,1.58
669,38.839534,-122.828665,2012-10-30 04:24:57.600001,1.5
670,38.842942,-122.828426,2012-10-31 05:41:16.799997,2.02
671,38.844121,-122.827548,2012-10-31 19:52:19.199998,1.57
672,38.838962,-122.829322,2012-11-01 03:12:57.599997,1.69
673,38.843899,-122.826779,2012-11-03 03:21:36.000001,1.5
674,38.839766,-122.827052,2012-11-04 09:57:36.000003,1.55
675,38.842472,-122.827007,2012-11-05 19:03:21.600000,1.6
676,38.838213,-122.828209,2012-11-06 03:40:19.200004,2.36
677,38.844253,-122.827375,2012-11-09 02:34:04.799997,1.92
678,38.843536,-122.82785,2012-11-09 02:35:31.200001,1.42
679,38.83856,-122.82954,2012-11-09 07:35:02.399999,1.37
680,38.840797,-122.829501,2012-11-11 18:23:02.399995,1.5
681,38.841584,-122.826067,2012-11-13 00:53:16.800001,1.48
682,38.840882,-122.82935,2012-11-14 09:50:24.000003,1.39
683,38.840511,-122.826933,2012-11-15 11:38:23.999999,1.53
684,38.846494,-122.825353,2012-11-15 17:13:55.199999,2.21
685,38.839492,-122.829156,2012-11-17 00:18:43.200003,1.39
686,38.839918,-122.829364,2012-11-17 01:37:55.199997,2.51
687,38.839293,-122.829193,2012-11-17 01:47:59.999996,1.94
688,38.837679,-122.830003,2012-11-17 03:05:45.599996,1.94
689,38.838208,-122.829708,2012-11-17 03:12:57.599997,1.45
690,38.840632,-122.829284,2012-11-17 03:37:26.399996,1.49
691,38.836913,-122.829904,2012-11-17 04:13:26.399998,1.56
692,38.837588,-122.828789,2012-11-17 04:24:57.600001,1.55
693,38.837286,-122.828656,2012-11-17 04:27:50.399999,1.42
694,38.841638,-122.828477,2012-11-18 12:11:31.200003,1.57
695,38.842579,-122.829312,2012-11-19 19:17:45.600000,1.68
696,38.836478,-122.827885,2012-11-28 03:05:45.599996,1.62
697,38.841243,-122.829981,2012-11-29 22:32:09.600001,1.55
698,38.841051,-122.825404,2012-12-02 01:16:19.199996,1.99
699,38.840692,-122.825596,2012-12-02 01:16:19.199996,2.04
700,38.84085,-122.826049,2012-12-02 01:17:45.600000,1.38
701,38.839597,-122.826976,2012-12-05 02:18:14.400002,2.01
702,38.842696,-122.829313,2012-12-06 13:04:48.000004,2.59
703,38.843511,-122.828216,2012-12-06 13:04:48.000004,2.04
704,38.842857,-122.828217,2012-12-06 13:49:26.400000,1.97
705,38.834962,-122.828104,2012-12-10 10:32:09.600001,1.69
706,38.839177,-122.828206,2012-12-11 07:29:16.800003,1.7
707,38.842958,-122.825297,2012-12-14 11:34:04.799997,1.59
708,38.83909,-122.827467,2012-12-15 19:43:40.800004,1.61
709,38.837383,-122.827406,2012-12-15 21:15:50.400005,2.54
710,38.838204,-122.827535,2012-12-15 21:15:50.400005,1.58
711,38.838313,-122.827963,2012-12-15 21:24:28.799999,1.46
712,38.842708,-122.824948,2012-12-16 19:45:07.199998,1.83
713,38.842461,-122.824817,2012-12-16 19:46:33.600002,2.11
714,38.842548,-122.824821,2012-12-16 19:47:59.999996,1.77
715,38.84178,-122.824729,2012-12-17 00:11:31.200003,1.39
716,38.842148,-122.824879,2012-12-19 07:24:57.600001,1.6
717,38.842499,-122.827221,2012-12-19 09:56:09.599999,1.6
718,38.839907,-122.82822,2012-12-19 12:08:38.400005,1.61
719,38.839221,-122.828839,2012-12-22 08:32:38.400002,1.39
720,38.840256,-122.829339,2012-12-22 10:50:52.800004,2.12
721,38.841634,-122.825927,2012-12-23 03:36:00.000002,1.57
722,38.839636,-122.827051,2012-12-24 05:29:45.600004,1.39
723,38.841936,-122.824981,2012-12-24 08:15:21.600004,1.56
724,38.836612,-122.825572,2012-12-25 22:13:26.399998,2.13
725,38.843143,-122.828624,2012-12-26 07:22:04.800003,1.39
726,38.837064,-122.826498,2012-12-27 07:06:14.399998,1.57
727,38.839075,-122.828755,2012-12-28 05:49:55.200001,2.06
728,38.843491,-122.829703,2012-12-29 17:54:14.400004,2.11
729,38.844178,-122.828726,2012-12-29 18:14:24.000001,1.37
730,38.841661,-122.829196,2013-01-01 18:21:36.000001,1.99
731,38.844292,-122.826531,2013-01-02 05:09:35.999997,1.39
732,38.84391,-122.824789,2013-01-03 10:40:47.999996,1.4
733,38.840927,-122.830139,2013-01-03 14:48:28.799997,1.39
734,38.838896,-122.829823,2013-01-04 10:58:04.800005,2.09
735,38.83677,-122.827063,2013-01-08 21:12:57.599997,1.38
736,38.840524,-122.827303,2013-01-12 01:24:57.600001,1.57
737,38.842544,-122.829927,2013-01-12 03:33:07.200004,1.39
738,38.838368,-122.826584,2013-01-14 23:55:40.799998,1.98
739,38.844558,-122.827238,2013-01-15 19:32:09.600001,1.48
740,38.839135,-122.827737,2013-01-18 20:35:31.200001,1.7
741,38.84135,-122.824259,2013-01-20 13:35:02.399999,1.45
742,38.841143,-122.8256,2013-01-20 13:37:55.199997,1.5
743,38.84464,-122.826745,2013-01-21 12:10:04.799999,1.37
744,38.840271,-122.828358,2013-01-25 03:21:36.000001,1.76
745,38.836683,-122.828427,2013-01-26 07:04:48.000004,2.54
746,38.843067,-122.829278,2013-01-26 07:07:40.800002,1.84
747,38.842501,-122.83051,2013-01-26 07:33:35.999995,1.79
748,38.84192,-122.830618,2013-01-26 07:43:40.800004,1.68
749,38.843079,-122.830472,2013-01-26 07:46:33.600002,1.4
750,38.842275,-122.832169,2013-01-26 07:49:26.400000,2.05
751,38.842776,-122.830028,2013-01-26 07:56:38.400000,1.78
752,38.84258,-122.832098,2013-01-26 08:13:55.199999,1.39
753,38.842045,-122.831972,2013-01-26 08:16:47.999998,1.4
754,38.843388,-122.828309,2013-01-26 09:25:55.200003,1.56
755,38.839286,-122.826183,2013-01-27 01:40:47.999996,2.47
756,38.844244,-122.826386,2013-01-28 05:08:09.600003,1.57
757,38.839941,-122.829232,2013-01-30 10:22:04.800003,1.85
758,38.842443,-122.826181,2013-01-30 15:47:31.200005,1.57
759,38.845953,-122.825428,2013-02-02 01:01:55.199995,1.51
760,38.846114,-122.825888,2013-02-02 01:17:45.600000,1.51
761,38.845478,-122.825835,2013-02-02 01:17:45.600000,2.22
762,38.838972,-122.829287,2013-02-02 15:44:38.399996,1.49
763,38.84007,-122.82989,2013-02-04 20:52:48.000000,1.68
764,38.844215,-122.826988,2013-02-04 22:03:21.600000,1.4
765,38.838734,-122.829263,2013-02-04 22:55:11.999996,1.62
766,38.844569,-122.826083,2013-02-05 00:20:09.599997,1.4
767,38.836685,-122.827576,2013-02-06 04:35:02.399999,1.9
768,38.835947,-122.829424,2013-02-06 15:41:45.599998,1.77
769,38.843497,-122.827515,2013-02-06 17:26:52.799996,1.99
770,38.842513,-122.827928,2013-02-06 17:28:19.200000,2.02
771,38.844035,-122.826351,2013-02-06 18:07:12.000000,2.09
772,38.844326,-122.826473,2013-02-07 06:18:43.200003,1.92
773,38.844815,-122.826416,2013-02-07 06:24:28.799999,1.47
774,38.845921,-122.823524,2013-02-07 21:33:07.200004,1.45
775,38.840776,-122.829768,2013-02-08 00:56:09.599999,1.57
776,38.842877,-122.82484,2013-02-10 07:55:11.999996,1.4
777,38.83928,-122.827714,2013-02-10 16:26:24.000005,1.62
778,38.842641,-122.828714,2013-02-12 11:13:55.199999,1.69
779,38.840948,-122.828844,2013-02-14 03:24:28.799999,1.95
780,38.842506,-122.825951,2013-02-16 23:22:33.600004,1.6
781,38.836862,-122.82768,2013-02-20 06:08:38.400005,1.39
782,38.842245,-122.829641,2013-02-21 03:11:31.200003,1.42
783,38.838618,-122.828875,2013-02-21 09:33:07.200004,2.17
784,38.841802,-122.829054,2013-02-25 13:29:16.800003,1.39
785,38.839462,-122.828321,2013-02-28 07:16:19.199996,1.62
786,38.839731,-122.828005,2013-02-28 10:20:38.399998,2.06
787,38.842624,-122.826236,2013-03-01 06:30:14.399996,1.99
788,38.841398,-122.824769,2013-03-02 15:46:04.800001,1.47
789,38.838989,-122.830567,2013-03-11 06:44:38.399996,2.64
790,38.838872,-122.829321,2013-03-11 06:46:04.800001,1.84
791,38.840739,-122.828965,2013-03-11 07:22:04.800003,1.77
792,38.841603,-122.82951,2013-03-11 09:01:26.400004,1.81
793,38.841247,-122.829858,2013-03-11 09:02:52.799998,1.95
794,38.839498,-122.828276,2013-03-17 17:03:50.400001,1.79
795,38.840418,-122.828915,2013-03-20 16:50:52.800004,2.01
796,38.842124,-122.829117,2013-03-23 16:53:45.600002,1.6
797,38.84221,-122.829694,2013-03-25 23:03:50.400001,1.38
798,38.842685,-122.824688,2013-03-26 11:58:33.599996,1.99
799,38.841985,-122.825178,2013-03-26 12:00:00.000000,1.55
800,38.839823,-122.827098,2013-03-27 03:37:26.399996,2.0
801,38.840274,-122.82981,2013-03-29 13:06:14.399998,1.53
802,38.839038,-122.828986,2013-03-30 20:21:07.200000,2.09
803,38.839739,-122.829192,2013-04-07 03:38:52.800000,1.44
804,38.845556,-122.821926,2013-04-07 12:17:16.799999,1.58
805,38.840552,-122.825934,2013-04-10 10:52:19.199998,2.89
806,38.844284,-122.827168,2013-04-10 12:23:02.399995,1.82
807,38.83969,-122.829511,2013-04-13 01:59:31.199999,2.55
808,38.83901,-122.828694,2013-04-14 20:12:28.799995,1.57
809,38.839238,-122.828766,2013-04-17 04:59:31.199999,1.69
810,38.841447,-122.829747,2013-04-17 20:15:21.600004,1.77
811,38.840484,-122.828982,2013-04-18 16:55:11.999996,1.41
812,38.838085,-122.827891,2013-04-21 07:10:33.600000,1.48
813,38.839488,-122.827266,2013-04-21 10:35:02.399999,1.5
814,38.840842,-122.828688,2013-04-28 10:59:31.199999,1.7
815,38.839184,-122.829792,2013-04-29 12:28:48.000002,2.0
816,38.840312,-122.827729,2013-04-30 02:55:40.799998,1.92
817,38.842215,-122.827757,2013-04-30 05:47:02.400003,1.57
818,38.837169,-122.828078,2013-05-04 08:00:57.600003,1.92
819,38.841877,-122.829336,2013-05-05 10:59:31.199999,1.42
820,38.841097,-122.82922,2013-05-05 13:39:21.600002,1.38
821,38.839783,-122.829699,2013-05-06 03:24:28.799999,2.13
822,38.838515,-122.82716,2013-05-06 20:22:33.600004,2.08
823,38.839028,-122.829512,2013-05-17 22:03:21.600000,2.49
824,38.839262,-122.829738,2013-05-17 22:14:52.800002,2.33
825,38.839685,-122.828076,2013-05-17 22:47:59.999996,1.57
826,38.837988,-122.829923,2013-05-17 22:58:04.800005,1.55
827,38.843243,-122.824333,2013-05-19 15:59:02.399997,1.51
828,38.837872,-122.826139,2013-05-19 22:56:38.400000,1.42
829,38.843634,-122.82827,2013-05-21 02:57:07.200002,1.69
830,38.84327,-122.828024,2013-05-21 02:57:07.200002,1.85
831,38.844271,-122.827447,2013-05-21 03:08:38.400005,1.66
832,38.844703,-122.826732,2013-05-21 03:56:09.599999,1.39
833,38.842587,-122.828799,2013-05-21 05:21:07.200000,2.2
834,38.83608,-122.829226,2013-05-23 23:16:47.999998,2.13
835,38.835634,-122.829949,2013-05-23 23:18:14.400002,1.91
836,38.840395,-122.828775,2013-05-24 17:47:02.400003,1.39
837,38.844387,-122.827476,2013-05-28 09:40:19.200004,1.41
838,38.839333,-122.829451,2013-05-30 18:17:16.799999,1.49
839,38.838374,-122.826897,2013-06-01 00:34:33.599998,2.1
840,38.839665,-122.829388,2013-06-03 18:05:45.599996,2.22
841,38.839822,-122.827605,2013-06-03 20:28:19.200000,1.93
842,38.841712,-122.829843,2013-06-08 23:28:19.200000,1.49
843,38.83653,-122.826854,2013-06-21 08:00:57.600003,1.94
844,38.842282,-122.828947,2013-06-25 18:46:04.800001,2.96
845,38.842268,-122.827545,2013-06-25 18:47:31.200005,1.92
846,38.836865,-122.825775,2013-06-26 05:48:28.799997,1.84
847,38.840544,-122.826943,2013-06-26 19:24:57.600001,1.6
848,38.841496,-122.824952,2013-06-27 15:43:12.000002,1.73
849,38.840049,-122.829582,2013-06-30 11:38:23.999999,1.64
850,38.840091,-122.827511,2013-07-03 17:58:33.599996,1.72
851,38.841402,-122.829712,2013-07-06 06:36:00.000002,1.7
852,38.840266,-122.828917,2013-07-12 10:32:09.600001,1.72
853,38.839062,-122.829098,2013-07-13 07:09:07.199996,1.69
854,38.841477,-122.830105,2013-07-17 11:41:16.799997,2.76
855,38.838295,-122.829487,2013-07-17 13:40:47.999996,1.69
856,38.836725,-122.825667,2013-07-23 14:12:28.799995,1.49
857,38.841074,-122.83012,2013-07-25 22:35:02.399999,1.73
858,38.840782,-122.828574,2013-07-31 00:27:21.599998,1.39
859,38.837015,-122.828451,2013-08-01 22:24:57.600001,2.46
860,38.840307,-122.829656,2013-08-02 11:47:02.400003,1.5
861,38.840474,-122.82903,2013-08-10 07:39:21.600002,1.69
862,38.839611,-122.828359,2013-08-15 03:18:43.200003,1.91
863,38.838406,-122.828183,2013-08-22 07:10:33.600000,1.42
864,38.846643,-122.823235,2013-08-28 01:47:59.999996,1.7
865,38.838987,-122.829059,2013-08-30 07:10:33.600000,1.91
866,38.839618,-122.828703,2013-08-30 10:06:14.399998,1.65
867,38.84043,-122.829985,2013-09-05 20:42:43.200001,1.69
868,38.838994,-122.829134,2013-09-09 10:50:52.800004,1.39
869,38.840075,-122.828149,2013-09-11 17:45:35.999999,1.61
870,38.84087,-122.827432,2013-09-12 03:54:43.199995,1.39
871,38.840354,-122.829472,2013-09-17 12:40:19.200004,1.46
872,38.84865,-122.822368,2013-09-17 14:13:55.199999,1.82
873,38.836532,-122.827955,2013-09-18 07:09:07.199996,1.83
874,38.837329,-122.826365,2013-09-20 08:28:19.200000,1.61
875,38.841316,-122.829853,2013-09-21 08:12:28.799995,1.61
876,38.841383,-122.830293,2013-09-21 08:15:21.600004,1.62
877,38.841767,-122.826906,2013-09-21 09:28:48.000002,1.39
878,38.838931,-122.829428,2013-09-22 11:36:57.600005,1.38
879,38.83851,-122.829622,2013-09-22 11:49:55.200001,2.12
880,38.838453,-122.829274,2013-09-22 11:51:21.599995,2.0
881,38.842514,-122.829132,2013-09-24 18:56:09.599999,1.62
882,38.839186,-122.829241,2013-09-24 22:40:47.999996,2.13
883,38.8387,-122.827354,2013-09-26 11:58:33.599996,1.39
884,38.840618,-122.828753,2013-09-28 04:00:28.800001,1.37
885,38.840785,-122.829232,2013-09-28 04:01:55.199995,1.77
886,38.841651,-122.829661,2013-10-01 16:50:52.800004,2.24
887,38.8402,-122.829717,2013-10-06 19:49:26.400000,2.0
888,38.837284,-122.827192,2013-10-08 03:36:00.000002,1.65
889,38.838229,-122.827755,2013-10-08 21:00:00.000000,1.64
890,38.837846,-122.828788,2013-10-11 13:39:21.600002,2.13
891,38.844932,-122.822703,2013-10-13 06:12:57.599997,1.54
892,38.841759,-122.829882,2013-10-14 12:38:52.800000,1.54
893,38.839932,-122.828453,2013-10-18 05:55:40.799998,1.69
894,38.838794,-122.830452,2013-10-20 12:05:45.599996,1.39
895,38.837533,-122.822858,2013-10-25 17:11:02.400001,1.42
896,38.837881,-122.824446,2013-10-25 17:32:38.400002,2.13
897,38.83955,-122.830183,2013-10-26 12:18:43.200003,1.43
898,38.839887,-122.828875,2013-10-26 16:23:31.199997,2.01
899,38.838179,-122.828464,2013-10-27 05:08:09.600003,1.4
900,38.846787,-122.822819,2013-10-27 09:31:40.800000,1.71
901,38.838037,-122.825494,2013-10-29 04:58:04.800005,2.2
902,38.836336,-122.825954,2013-10-29 04:59:31.199999,1.82
903,38.841568,-122.829639,2013-10-29 09:28:48.000002,1.63
904,38.840074,-122.82705,2013-10-29 21:14:24.000001,1.39
905,38.836618,-122.827535,2013-10-31 06:34:33.599998,1.93
906,38.841444,-122.829761,2013-11-01 02:11:02.400001,1.84
907,38.841958,-122.825098,2013-11-03 04:00:28.800001,2.0
908,38.838239,-122.828047,2013-11-04 03:36:00.000002,2.07
909,38.842893,-122.829434,2013-11-04 22:40:47.999996,2.12
910,38.843118,-122.829096,2013-11-04 22:42:14.400000,2.12
911,38.836893,-122.828947,2013-11-06 23:38:23.999999,2.21
912,38.838977,-122.830015,2013-11-08 17:38:23.999999,1.61
913,38.844473,-122.826666,2013-11-09 17:41:16.799997,2.05
914,38.844077,-122.826142,2013-11-09 17:45:35.999999,1.4
915,38.838341,-122.827493,2013-11-10 06:08:38.400005,1.84
916,38.839229,-122.82961,2013-11-10 15:31:40.800000,2.03
917,38.838341,-122.829919,2013-11-11 06:02:52.799998,2.27
918,38.841108,-122.830229,2013-11-11 06:05:45.599996,1.64
919,38.83958,-122.829793,2013-11-11 06:20:09.599997,2.28
920,38.840089,-122.828719,2013-11-11 06:56:09.599999,2.03
921,38.838042,-122.82896,2013-11-11 08:06:43.199999,2.09
922,38.83594,-122.827065,2013-11-11 09:14:24.000001,1.57
923,38.845449,-122.82586,2013-11-13 15:33:07.200004,2.13
924,38.837994,-122.828185,2013-11-21 12:25:55.200003,1.87
925,38.84535,-122.824883,2013-11-23 07:58:04.800005,2.25
926,38.844382,-122.826323,2013-11-23 10:16:19.199996,1.6
927,38.838643,-122.828377,2013-11-23 21:25:55.200003,2.0
928,38.841709,-122.83023,2013-11-24 14:15:21.600004,2.37
929,38.839504,-122.825551,2013-11-26 16:58:04.800005,1.46
930,38.837586,-122.826884,2013-11-27 12:17:16.799999,1.57
931,38.84318,-122.828538,2013-11-27 21:25:55.200003,1.91
932,38.842552,-122.828806,2013-11-29 14:22:33.600004,1.94
933,38.840091,-122.828055,2013-11-29 23:02:23.999997,1.98
934,38.839139,-122.827974,2013-12-05 10:35:02.399999,1.39
935,38.838871,-122.829723,2013-12-05 12:05:45.599996,2.13
936,38.842199,-122.82979,2013-12-06 21:59:02.399997,1.8
937,38.839045,-122.826845,2013-12-09 06:56:09.599999,1.44
938,38.844782,-122.826774,2013-12-09 11:38:23.999999,1.5
939,38.837655,-122.826763,2013-12-09 22:52:19.199998,1.95
940,38.836802,-122.827113,2013-12-09 22:52:19.199998,1.66
941,38.8426,-122.828671,2013-12-10 09:02:52.799998,1.39
942,38.839738,-122.828558,2013-12-10 17:26:52.799996,1.56
943,38.845646,-122.823807,2013-12-12 17:32:38.400002,1.39
944,38.840846,-122.828872,2013-12-13 03:01:26.400004,2.01
945,38.838864,-122.827008,2013-12-13 05:44:09.599995,1.9
946,38.839763,-122.827731,2013-12-13 05:51:21.599995,1.51
947,38.836739,-122.830572,2013-12-13 13:23:31.199997,1.38
948,38.83947,-122.827558,2013-12-14 18:17:16.799999,1.39
949,38.839765,-122.828286,2013-12-14 21:38:52.800000,1.87
950,38.838512,-122.82865,2013-12-17 11:55:40.799998,1.4
951,38.84475,-122.826303,2013-12-20 06:33:07.200004,1.6
952,38.840217,-122.82984,2013-12-20 18:11:31.200003,1.57
953,38.841973,-122.825252,2013-12-21 22:00:28.800001,2.0
954,38.843931,-122.82779,2013-12-21 22:10:33.600000,1.77
955,38.8421,-122.825353,2013-12-22 22:29:16.800003,1.93
956,38.837348,-122.825829,2013-12-29 22:01:55.199995,1.7
957,38.84212,-122.829222,2013-12-30 14:16:47.999998,1.69
958,38.839793,-122.826607,2013-12-30 21:08:38.400005,1.68
959,38.837656,-122.82546,2014-01-06 04:13:26.399998,1.38
960,38.843505,-122.823786,2014-01-06 10:17:45.600000,1.68
961,38.841628,-122.825221,2014-01-06 12:34:33.599998,2.65
962,38.844239,-122.826009,2014-01-06 12:44:38.399996,2.21
963,38.843362,-122.823453,2014-01-06 16:04:48.000004,1.63
964,38.842865,-122.823383,2014-01-07 05:48:28.799997,1.44
965,38.844952,-122.826343,2014-01-09 05:06:43.199999,1.41
966,38.838234,-122.825438,2014-01-09 14:03:50.400001,2.36
967,38.840264,-122.827497,2014-01-11 02:29:45.600004,1.68
968,38.840316,-122.825894,2014-01-11 07:42:14.400000,2.37
969,38.839636,-122.82773,2014-01-11 10:43:40.800004,1.46
970,38.835779,-122.827413,2014-01-12 12:38:52.800000,1.69
971,38.834379,-122.827852,2014-01-13 20:12:28.799995,1.45
972,38.840562,-122.829246,2014-01-16 03:33:07.200004,1.61
973,38.846127,-122.824401,2014-01-18 03:46:04.800001,2.02
974,38.844558,-122.826654,2014-01-19 05:51:21.599995,1.5
975,38.840719,-122.829156,2014-01-20 06:33:07.200004,1.69
976,38.839878,-122.827888,2014-01-21 00:30:14.399996,1.77
977,38.841975,-122.828587,2014-01-22 04:42:14.400000,1.47
978,38.844381,-122.828541,2014-01-24 06:57:36.000003,2.22
979,38.844141,-122.829794,2014-01-24 07:19:12.000004,1.44
980,38.842515,-122.829968,2014-01-24 22:53:45.600002,1.94
981,38.842748,-122.828903,2014-01-25 11:18:14.400002,1.68
982,38.842935,-122.829508,2014-01-28 09:54:43.199995,1.58
983,38.839113,-122.828176,2014-01-29 11:19:40.799996,1.7
984,38.843942,-122.827051,2014-01-29 20:36:57.600005,1.89
985,38.843694,-122.826723,2014-01-29 22:56:38.400000,1.96
986,38.84294,-122.8272,2014-01-30 00:25:55.200003,1.87
987,38.83918,-122.829904,2014-01-30 21:36:00.000002,2.02
988,38.838585,-122.830583,2014-01-30 21:36:00.000002,1.59
989,38.838478,-122.830194,2014-01-30 21:41:45.599998,2.1
990,38.843004,-122.8292,2014-01-31 16:36:28.800003,1.43
991,38.837034,-122.830886,2014-01-31 19:17:45.600000,2.03
992,38.837247,-122.830066,2014-01-31 19:20:38.399998,1.65
993,38.844922,-122.826598,2014-01-31 22:12:00.000004,2.12
994,38.845089,-122.821532,2014-02-09 08:12:28.799995,1.93
995,38.844902,-122.826665,2014-02-09 17:39:50.400003,1.5
996,38.842032,-122.829351,2014-02-12 02:31:11.999998,1.69
997,38.837724,-122.826968,2014-02-12 08:34:04.799997,1.49
998,38.839804,-122.82767,2014-02-13 06:56:09.599999,1.71
999,38.838856,-122.830657,2014-02-17 11:22:33.600004,1.84
1000,38.844638,-122.82732,2014-02-17 18:04:19.200002,1.4
1001,38.847263,-122.824443,2014-02-18 11:44:09.599995,1.84
1002,38.838971,-122.827564,2014-02-18 11:54:14.400004,1.6
1003,38.843723,-122.826395,2014-02-24 16:19:12.000004,1.81
1004,38.837239,-122.825281,2014-02-25 21:31:40.800000,2.26
1005,38.84404,-122.827299,2014-02-26 13:22:04.800003,1.84
1006,38.8448,-122.827384,2014-02-26 21:47:31.200005,1.45
1007,38.841135,-122.829458,2014-02-26 22:32:09.600001,2.09
1008,38.838647,-122.82701,2014-02-28 07:26:24.000005,2.21
1009,38.837094,-122.828345,2014-03-01 04:20:38.399998,1.75
1010,38.837916,-122.828132,2014-03-01 19:20:38.399998,1.37
1011,38.844217,-122.826751,2014-03-08 08:09:35.999997,1.38
1012,38.84034,-122.828113,2014-03-09 23:49:55.200001,1.98
1013,38.842974,-122.825861,2014-03-11 00:54:43.199995,1.37
1014,38.84155,-122.828405,2014-03-13 22:14:52.800002,1.52
1015,38.839325,-122.828912,2014-03-18 03:21:36.000001,1.76
1016,38.843501,-122.825358,2014-03-19 18:23:02.399995,1.6
1017,38.83679,-122.830945,2014-03-22 16:49:26.400000,2.28
1018,38.839828,-122.82853,2014-03-23 08:42:43.200001,1.48
1019,38.836646,-122.826895,2014-03-24 19:55:11.999996,2.4
1020,38.840541,-122.827629,2014-03-27 10:27:50.399999,1.72
1021,38.842972,-122.826934,2014-03-30 23:06:43.199999,1.42
1022,38.843799,-122.828029,2014-04-01 04:58:04.800005,1.55
1023,38.841172,-122.828208,2014-04-01 12:05:45.599996,1.37
1024,38.8367,-122.827472,2014-04-02 18:04:19.200002,2.24
1025,38.841881,-122.829395,2014-04-05 01:37:55.199997,1.47
1026,38.839141,-122.827282,2014-04-06 18:51:50.399997,1.46
1027,38.839366,-122.829353,2014-04-07 14:15:21.600004,1.42
1028,38.83994,-122.827537,2014-04-08 18:04:19.200002,1.86
1029,38.837796,-122.828639,2014-04-09 17:32:38.400002,1.72
1030,38.8387,-122.828085,2014-04-10 17:47:02.400003,1.69
1031,38.842676,-122.829337,2014-04-11 02:51:21.599995,1.7
1032,38.835453,-122.827598,2014-04-12 18:20:09.599997,1.69
1033,38.841779,-122.82846,2014-04-12 22:46:33.600002,2.0
1034,38.840275,-122.826976,2014-04-13 20:34:04.799997,1.42
1035,38.844608,-122.826352,2014-04-14 04:30:43.199997,2.08
1036,38.843151,-122.825171,2014-04-14 04:37:55.199997,1.96
1037,38.837871,-122.826814,2014-04-15 23:23:59.999998,1.37
1038,38.839681,-122.826752,2014-04-17 17:42:43.200001,2.04
1039,38.840117,-122.829554,2014-04-18 20:18:14.400002,1.69
1040,38.838583,-122.829672,2014-04-21 19:49:26.400000,1.44
1041,38.83862,-122.828725,2014-04-21 19:59:31.199999,1.63
1042,38.843539,-122.831287,2014-04-22 04:04:48.000004,2.22
1043,38.844832,-122.831796,2014-04-22 04:12:00.000004,2.31
1044,38.84086,-122.829936,2014-04-22 04:14:52.800002,1.39
1045,38.844732,-122.83095,2014-04-22 04:20:38.399998,1.5
1046,38.838665,-122.826198,2014-04-22 13:32:09.600001,1.42
1047,38.842797,-122.828574,2014-04-23 17:58:33.599996,1.4
1048,38.839307,-122.828636,2014-04-25 00:37:26.399996,1.71
1049,38.845378,-122.827726,2014-04-28 01:30:43.199997,2.07
1050,38.841818,-122.829612,2014-04-28 14:57:07.200002,1.68
1051,38.842918,-122.829638,2014-04-29 23:41:16.799997,2.23
1052,38.842405,-122.828557,2014-04-30 00:27:21.599998,1.95
1053,38.837286,-122.825348,2014-04-30 20:57:07.200002,1.48
1054,38.839785,-122.828298,2014-05-02 11:06:43.199999,1.56
1055,38.841308,-122.829666,2014-05-07 00:46:04.800001,2.17
1056,38.838369,-122.830322,2014-05-07 15:17:16.799999,1.7
1057,38.838478,-122.829148,2014-05-07 15:18:43.200003,1.57
1058,38.838019,-122.829247,2014-05-07 15:27:21.599998,1.69
1059,38.839204,-122.828146,2014-05-13 21:11:31.200003,1.88
1060,38.84217,-122.827599,2014-05-16 18:10:04.799999,1.39
1061,38.839307,-122.827586,2014-05-25 07:00:28.800001,1.39
1062,38.839533,-122.826975,2014-05-25 13:22:04.800003,1.54
1063,38.8398,-122.82792,2014-05-31 15:25:55.200003,2.59
1064,38.8447,-122.822709,2014-06-11 13:40:47.999996,1.39
1065,38.84248,-122.827692,2014-06-13 14:39:50.400003,1.48
1066,38.84034,-122.828722,2014-06-20 19:46:33.600002,1.42
1067,38.839785,-122.827646,2014-06-22 09:41:45.599998,1.69
1068,38.839589,-122.827922,2014-06-24 13:50:52.800004,1.71
1069,38.841807,-122.828122,2014-06-27 01:29:16.800003,2.25
1070,38.839227,-122.829834,2014-07-01 13:14:52.800002,1.51
1071,38.840633,-122.828854,2014-07-04 10:03:21.600000,1.39
1072,38.842577,-122.824752,2014-07-05 23:06:43.199999,2.12
1073,38.838347,-122.827185,2014-07-06 08:09:35.999997,2.05
1074,38.839348,-122.827413,2014-07-06 08:09:35.999997,1.56
1075,38.839618,-122.829826,2014-07-10 21:08:38.400005,2.19
1076,38.840077,-122.828886,2014-07-15 15:53:16.800001,1.57
1077,38.84038,-122.827877,2014-07-16 12:18:43.200003,2.23
1078,38.839233,-122.828115,2014-07-17 19:27:50.399999,1.93
1079,38.840267,-122.827714,2014-07-17 19:27:50.399999,1.37
1080,38.839561,-122.827095,2014-07-24 06:20:09.599997,1.37
1081,38.844896,-122.825736,2014-07-24 12:33:07.200004,1.39
1082,38.838847,-122.82849,2014-07-26 13:33:35.999995,1.49
1083,38.842081,-122.826985,2014-07-26 23:03:50.400001,2.17
1084,38.839212,-122.829305,2014-07-28 17:51:21.599995,1.85
1085,38.842823,-122.830123,2014-07-30 07:55:11.999996,1.45
1086,38.839725,-122.829102,2014-08-09 00:31:40.800000,2.23
1087,38.839462,-122.828318,2014-08-09 01:36:28.800003,1.53
1088,38.839048,-122.828742,2014-08-15 17:23:59.999998,1.69
1089,38.839285,-122.830206,2014-08-20 14:02:23.999997,1.96
1090,38.841105,-122.829424,2014-08-24 00:02:52.799998,1.39
1091,38.841451,-122.829627,2014-08-25 05:58:33.599996,2.06
1092,38.839895,-122.829389,2014-08-25 06:02:52.799998,1.7
1093,38.837564,-122.828417,2014-08-27 01:43:40.800004,1.4
1094,38.841103,-122.827415,2014-08-27 23:49:55.200001,1.45
1095,38.83913,-122.828281,2014-09-07 12:14:24.000001,1.41
1096,38.84049,-122.828906,2014-09-08 16:33:35.999995,1.57
1097,38.839519,-122.827694,2014-09-09 15:54:43.199995,2.2
1098,38.840876,-122.83004,2014-09-11 02:52:48.000000,2.29
1099,38.838325,-122.829318,2014-09-11 02:55:40.799998,1.39
1100,38.836001,-122.826085,2014-09-13 16:22:04.800003,1.4
1101,38.838118,-122.831031,2014-09-25 07:53:45.600002,2.12
1102,38.841252,-122.8302,2014-09-29 06:38:52.800000,1.66
1103,38.838187,-122.825451,2014-10-04 00:28:48.000002,2.08
1104,38.840098,-122.828467,2014-10-05 08:38:23.999999,1.58
1105,38.83936,-122.828815,2014-10-08 23:54:14.400004,1.88
1106,38.839041,-122.829402,2014-10-09 00:25:55.200003,2.24
1107,38.839496,-122.828188,2014-10-12 23:29:45.600004,1.55
1108,38.839567,-122.827464,2014-10-16 05:15:21.600004,1.77
1109,38.839668,-122.827734,2014-10-16 06:27:21.599998,1.72
1110,38.839843,-122.828589,2014-10-17 05:57:07.200002,2.34
1111,38.840804,-122.830269,2014-10-17 05:58:33.599996,2.34
1112,38.837672,-122.827932,2014-10-17 06:21:36.000001,1.93
1113,38.84015,-122.828354,2014-10-19 03:27:21.599998,1.95
1114,38.8368,-122.827868,2014-10-25 16:12:00.000004,1.65
1115,38.839473,-122.827631,2014-10-26 13:09:07.199996,1.62
1116,38.839854,-122.826367,2014-10-31 02:54:14.400004,1.39
1117,38.840074,-122.826779,2014-11-01 07:03:21.600000,3.12
1118,38.838554,-122.826897,2014-11-10 07:42:14.400000,1.56
1119,38.842802,-122.828863,2014-11-15 23:26:52.799996,1.4
1120,38.842353,-122.829056,2014-11-19 20:16:47.999998,1.44
1121,38.839054,-122.829343,2014-11-21 05:02:23.999997,1.92
1122,38.842445,-122.829768,2014-11-22 08:11:02.400001,1.69
1123,38.842805,-122.828124,2014-11-23 06:28:48.000002,2.94
1124,38.842417,-122.829322,2014-11-23 21:07:12.000000,2.07
1125,38.84011,-122.828948,2014-12-01 04:33:35.999995,1.41
1126,38.839147,-122.829741,2014-12-02 07:20:38.399998,1.43
1127,38.840386,-122.829979,2014-12-07 04:12:00.000004,1.71
1128,38.83831,-122.828733,2014-12-08 06:57:36.000003,1.69
1129,38.840237,-122.826845,2014-12-16 06:33:07.200004,1.41
1130,38.843639,-122.829694,2014-12-16 08:02:23.999997,1.4
1131,38.84013,-122.828397,2014-12-17 04:37:55.199997,2.07
1132,38.843528,-122.822532,2014-12-17 11:09:35.999997,1.66
1133,38.838489,-122.830529,2014-12-18 05:09:35.999997,2.29
1134,38.842665,-122.829096,2014-12-18 23:31:11.999998,1.4
1135,38.842536,-122.829186,2014-12-21 23:35:31.200001,2.93
1136,38.842949,-122.828902,2014-12-21 23:42:43.200001,1.45
1137,38.840069,-122.830027,2014-12-21 23:44:09.599995,2.32
1138,38.845004,-122.828601,2014-12-21 23:45:35.999999,1.81
1139,38.836555,-122.82763,2014-12-22 09:53:16.800001,1.93
1140,38.83921,-122.827205,2014-12-26 10:46:33.600002,1.58
1141,38.842331,-122.826431,2014-12-29 18:51:50.399997,1.37
1142,38.840329,-122.826984,2015-01-03 22:26:24.000005,1.69
1143,38.839249,-122.828195,2015-01-06 00:00:00.000000,1.87
1144,38.843251,-122.829546,2015-01-08 00:59:02.399997,1.57
1145,38.839461,-122.829048,2015-01-10 01:13:26.399998,1.41
1146,38.839615,-122.826553,2015-01-12 13:42:14.400000,1.52
1147,38.839713,-122.828278,2015-01-12 15:08:38.400005,1.42
1148,38.838924,-122.827137,2015-01-17 01:30:43.199997,1.71
1149,38.83959,-122.827773,2015-01-17 05:32:38.400002,1.54
1150,38.838655,-122.829021,2015-01-17 14:51:21.599995,2.0
1151,38.83956,-122.828216,2015-01-18 10:58:04.800005,1.57
1152,38.839725,-122.828761,2015-01-19 09:05:45.599996,2.16
1153,38.839723,-122.828446,2015-01-21 17:22:33.600004,1.8
1154,38.836617,-122.825524,2015-01-22 08:06:43.199999,1.44
1155,38.843272,-122.83161,2015-01-22 14:09:35.999997,2.13
1156,38.843124,-122.829282,2015-01-26 19:23:31.199997,2.02
1157,38.839622,-122.830025,2015-01-27 12:28:48.000002,1.43
1158,38.837491,-122.828645,2015-02-03 06:34:33.599998,1.76
1159,38.83839,-122.827623,2015-02-06 18:14:24.000001,1.39
1160,38.844767,-122.826699,2015-02-06 20:15:21.600004,1.89
1161,38.839142,-122.829987,2015-02-09 05:48:28.799997,1.62
1162,38.842152,-122.827371,2015-02-10 10:07:40.800002,1.38
1163,38.841391,-122.829553,2015-02-14 06:50:24.000003,1.72
1164,38.841945,-122.830152,2015-02-14 15:02:52.799998,1.84
1165,38.836508,-122.826089,2015-02-14 17:08:09.600003,1.77
1166,38.836989,-122.82553,2015-02-14 17:58:33.599996,2.08
1167,38.838559,-122.828168,2015-02-16 23:55:40.799998,1.39
1168,38.842859,-122.827426,2015-02-17 20:28:19.200000,1.53
1169,38.838657,-122.829697,2015-02-17 22:37:55.199997,1.85
1170,38.845171,-122.827042,2015-02-19 22:04:48.000004,1.38
1171,38.841072,-122.827472,2015-02-20 09:53:16.800001,1.39
1172,38.841008,-122.829022,2015-02-21 10:20:38.399998,1.58
1173,38.837022,-122.828105,2015-02-22 04:45:07.199998,1.42
1174,38.838668,-122.829151,2015-02-22 23:11:02.400001,1.5
1175,38.844986,-122.827609,2015-02-26 07:16:19.199996,1.44
1176,38.839252,-122.825314,2015-02-27 07:22:04.800003,1.41
1177,38.840534,-122.827565,2015-03-03 11:54:14.400004,1.74
1178,38.843804,-122.827439,2015-03-05 09:17:16.799999,1.41
1179,38.842925,-122.82761,2015-03-07 13:04:48.000004,1.47
1180,38.83911,-122.82946,2015-03-08 03:48:57.599999,1.39
1181,38.840012,-122.828258,2015-03-08 07:40:47.999996,1.66
1182,38.839819,-122.827733,2015-03-08 07:40:47.999996,1.4
1183,38.840466,-122.826941,2015-03-08 16:50:52.800004,1.6
1184,38.836035,-122.827926,2015-03-09 10:33:35.999995,1.58
1185,38.83941,-122.829624,2015-03-15 13:29:16.800003,2.15
1186,38.83887,-122.829524,2015-03-15 13:29:16.800003,1.37
1187,38.838825,-122.829626,2015-03-15 13:30:43.199997,1.41
1188,38.841614,-122.830204,2015-03-21 06:10:04.799999,1.37
1189,38.839952,-122.83,2015-03-24 06:27:21.599998,1.37
1190,38.841703,-122.829618,2015-03-26 13:32:09.600001,1.39
1191,38.839633,-122.828308,2015-03-27 07:53:45.600002,1.42
1192,38.843038,-122.829495,2015-03-29 09:47:31.200005,1.39
1193,38.843112,-122.829208,2015-03-29 09:50:24.000003,1.4
1194,38.841933,-122.828992,2015-04-03 19:22:04.800003,1.64
1195,38.840267,-122.828266,2015-04-03 19:53:45.600002,1.4
1196,38.841325,-122.830118,2015-04-04 10:45:07.199998,1.65
1197,38.84249,-122.828472,2015-04-06 01:56:38.400000,1.46
1198,38.837401,-122.825194,2015-04-07 04:09:07.199996,1.99
1199,38.841008,-122.829741,2015-04-10 13:13:26.399998,1.39
1200,38.838791,-122.829575,2015-04-11 08:15:21.600004,1.69
1201,38.840218,-122.827511,2015-04-16 01:22:04.800003,1.43
1202,38.839447,-122.827568,2015-04-18 05:45:35.999999,1.96
1203,38.842019,-122.826907,2015-04-19 06:47:31.200005,1.42
1204,38.840192,-122.830109,2015-04-21 05:54:14.400004,1.99
1205,38.838793,-122.830883,2015-04-23 10:46:33.600002,1.98
1206,38.83869,-122.830566,2015-04-23 10:46:33.600002,2.87
1207,38.836762,-122.828963,2015-04-23 10:46:33.600002,2.58
1208,38.837379,-122.829608,2015-04-23 10:46:33.600002,2.98
1209,38.838749,-122.830787,2015-04-23 10:47:59.999996,1.79
1210,38.839878,-122.830925,2015-04-23 10:47:59.999996,1.41
1211,38.838747,-122.830605,2015-04-23 10:49:26.400000,1.7
1212,38.842304,-122.831452,2015-04-23 10:52:19.199998,1.8
1213,38.842548,-122.831165,2015-04-23 10:52:19.199998,1.62
1214,38.840926,-122.83257,2015-04-23 11:19:40.799996,1.56
1215,38.838377,-122.829171,2015-04-23 11:26:52.799996,1.51
1216,38.842302,-122.829621,2015-04-24 06:05:45.599996,2.02
1217,38.839695,-122.829114,2015-04-29 23:21:07.200000,1.42
1218,38.840426,-122.826725,2015-04-30 01:16:19.199996,1.58
1219,38.84191,-122.824683,2015-05-01 16:22:04.800003,1.73
1220,38.842159,-122.825032,2015-05-01 16:50:52.800004,1.98
1221,38.840474,-122.82238,2015-05-05 10:59:31.199999,1.58
1222,38.840515,-122.829814,2015-05-15 03:41:45.599998,1.47
1223,38.838845,-122.828436,2015-05-15 21:43:12.000002,1.48
1224,38.840254,-122.828963,2015-05-16 14:06:43.199999,1.61
1225,38.839608,-122.828578,2015-05-18 19:09:07.199996,1.9
1226,38.840615,-122.827736,2015-05-18 19:13:26.399998,1.39
1227,38.845468,-122.826936,2015-05-28 22:00:28.800001,2.52
1228,38.844596,-122.826779,2015-05-28 22:03:21.600000,2.16
1229,38.840187,-122.830007,2015-06-02 19:53:45.600002,2.28
1230,38.838958,-122.82914,2015-06-05 23:11:02.400001,1.44
1231,38.840492,-122.831305,2015-06-08 01:04:48.000004,2.61
1232,38.841224,-122.830505,2015-06-08 01:12:00.000004,2.25
1233,38.84047,-122.831449,2015-06-08 01:12:00.000004,1.38
1234,38.838536,-122.830167,2015-06-18 04:23:31.199997,1.53
1235,38.837557,-122.827494,2015-06-28 22:42:14.400000,1.4
1236,38.839131,-122.827236,2015-07-01 06:34:33.599998,1.8
1237,38.839644,-122.829139,2015-07-02 15:53:16.800001,2.06
1238,38.839494,-122.828144,2015-07-11 00:56:09.599999,1.39
1239,38.838257,-122.829009,2015-07-14 21:21:36.000001,1.37
1240,38.83885,-122.827566,2015-07-15 19:19:12.000004,1.39
1241,38.839546,-122.829356,2015-07-17 13:37:55.199997,1.51
1242,38.838932,-122.828553,2015-07-23 17:09:35.999997,2.03
1243,38.837881,-122.827479,2015-07-24 14:08:09.600003,1.39
1244,38.838885,-122.826841,2015-07-24 15:23:02.399995,1.96
1245,38.841831,-122.827738,2015-07-26 03:47:31.200005,1.39
1246,38.840555,-122.827353,2015-08-02 21:40:19.200004,1.7
1247,38.84797,-122.82281,2015-08-03 17:44:09.599995,2.24
1248,38.840129,-122.829624,2015-08-08 21:47:31.200005,1.93
1249,38.839136,-122.827285,2015-08-17 17:29:45.600004,1.47
1250,38.840036,-122.829024,2015-08-21 12:15:50.400005,1.37
1251,38.839521,-122.828272,2015-08-24 08:32:38.400002,1.6
